"Algorithm","Hash","Path"
"SHA256","255E0E66D40A9E64B4EBAE7C5B3AA361CD2FDE8884DE3B48ADA65EFD42B2A751","C:\Users\radar\Downloads\CDM_ALT_MODEL_ANALYSIS\Genesis_P100_20260208_Final\Summary.json"
"SHA256","96AF0FB396A99154F091C8A10DE22AB8C2DC9B8F516743B3CE8347C142FDA530","C:\Users\radar\Downloads\CDM_ALT_MODEL_ANALYSIS\Genesis_P100_20260208_Final\Manifests\Phase_100_Manifest.json"
"SHA256","351EC81CE176F314F1859930E366158F1E7ADAB0A470480D16BA5DC5C9C4AA63","C:\Users\radar\Downloads\CDM_ALT_MODEL_ANALYSIS\Genesis_P100_20260208_Final\Manifests\Phase_69_Manifest.json"
"SHA256","92C74F08B9D087CCF27BB577F0B214E7900E499097BCB082BA5E9B9AC3FF93EC","C:\Users\radar\Downloads\CDM_ALT_MODEL_ANALYSIS\Genesis_P100_20260208_Final\Manifests\Phase_70_Manifest.json"
"SHA256","4F19A880A29FCAE011D89542E48996C2E50A33073D2E25472FEA6E58CB89BCAF","C:\Users\radar\Downloads\CDM_ALT_MODEL_ANALYSIS\Genesis_P100_20260208_Final\Manifests\Phase_71_Manifest.json"
"SHA256","1040E12ACC77D55AC233210D9019C84172D0F9E86C6132C1731D32230EA875B5","C:\Users\radar\Downloads\CDM_ALT_MODEL_ANALYSIS\Genesis_P100_20260208_Final\Manifests\Phase_72_Manifest.json"
"SHA256","37A7F8E0F7D5FEDF912C56ECB7EF3C57332DD8629553B9A712AF9077D8BA71F9","C:\Users\radar\Downloads\CDM_ALT_MODEL_ANALYSIS\Genesis_P100_20260208_Final\Manifests\Phase_73_Manifest.json"
"SHA256","7A26F582C0E9D68A91251BCC86C99241E78FC6CFE1681B11C0592ABF343281A9","C:\Users\radar\Downloads\CDM_ALT_MODEL_ANALYSIS\Genesis_P100_20260208_Final\Manifests\Phase_74_Manifest.json"
"SHA256","FCA2BBFDB1BE9660840CDE23152408373D7B47769FA8A3AFA1D0D02AE0E14CE9","C:\Users\radar\Downloads\CDM_ALT_MODEL_ANALYSIS\Genesis_P100_20260208_Final\Manifests\Phase_75_Manifest.json"
"SHA256","D14ED1ACEB7B9732B2BF84DB2A69254A805D20F96457EC849B48633FEF6D9FFD","C:\Users\radar\Downloads\CDM_ALT_MODEL_ANALYSIS\Genesis_P100_20260208_Final\Manifests\Phase_76_Manifest.json"
"SHA256","271710E68E9E879C11E47A813DA4D63C0A435E448CDEEFA49A0D99F05D8F6F45","C:\Users\radar\Downloads\CDM_ALT_MODEL_ANALYSIS\Genesis_P100_20260208_Final\Manifests\Phase_77_Manifest.json"
"SHA256","94446FDEDAE8D039B72282690380D4742560E46984F1D9D5EE97361F7894CFF2","C:\Users\radar\Downloads\CDM_ALT_MODEL_ANALYSIS\Genesis_P100_20260208_Final\Manifests\Phase_78_Manifest.json"
"SHA256","F4E3894A10F45CAE477A351D4F331E28C636BFA9AD5988F19638F2EB2339DBC8","C:\Users\radar\Downloads\CDM_ALT_MODEL_ANALYSIS\Genesis_P100_20260208_Final\Manifests\Phase_79_Manifest.json"
"SHA256","F4DADB27D85F4C779E7EE97C4A6A43A6BAEEE6AC10EDDE4B81C1FB747F745602","C:\Users\radar\Downloads\CDM_ALT_MODEL_ANALYSIS\Genesis_P100_20260208_Final\Manifests\Phase_80_Manifest.json"
"SHA256","E514247EA38515857D8E443DE4882A77672C049158E5BD55497E28C8945FA8D4","C:\Users\radar\Downloads\CDM_ALT_MODEL_ANALYSIS\Genesis_P100_20260208_Final\Manifests\Phase_81_Manifest.json"
"SHA256","0B538F29E07A84EA9390CF2A25AB61DD61954666298EA723DB8DD08780C8ED15","C:\Users\radar\Downloads\CDM_ALT_MODEL_ANALYSIS\Genesis_P100_20260208_Final\Manifests\Phase_82_Manifest.json"
"SHA256","8C2D1B88E2A54C2FEBC132F2831676AF63F1B2570CD6E50BC6BB261783D64D96","C:\Users\radar\Downloads\CDM_ALT_MODEL_ANALYSIS\Genesis_P100_20260208_Final\Manifests\Phase_83_Manifest.json"
"SHA256","00B7EA7F5E5535455CE2B17131E0D2CECCC6CF4E0C7B489F2EABB168B3DE66CD","C:\Users\radar\Downloads\CDM_ALT_MODEL_ANALYSIS\Genesis_P100_20260208_Final\Manifests\Phase_84_Manifest.json"
"SHA256","0E8550954ED435017038CDF3F8B63A1A3717B021342A6ECA4B0ECBFA561575D9","C:\Users\radar\Downloads\CDM_ALT_MODEL_ANALYSIS\Genesis_P100_20260208_Final\Manifests\Phase_85_Manifest.json"
"SHA256","063FCCF5EA97B6A238CDFF7874B878ED0E7440EDAD9BA851F3CDDEE86C2D6440","C:\Users\radar\Downloads\CDM_ALT_MODEL_ANALYSIS\Genesis_P100_20260208_Final\Manifests\Phase_86_Manifest.json"
"SHA256","C7C9CD5F03E7C97A73D51E0F5099E8A49405CD908DB79AD592178F85299DBF70","C:\Users\radar\Downloads\CDM_ALT_MODEL_ANALYSIS\Genesis_P100_20260208_Final\Manifests\Phase_87_Manifest.json"
"SHA256","BB7780FE59732859C81CAC0A0A41027F70278E34574E59299BE1FB44A8C360AC","C:\Users\radar\Downloads\CDM_ALT_MODEL_ANALYSIS\Genesis_P100_20260208_Final\Manifests\Phase_88_Manifest.json"
"SHA256","B9A66D69DFBD44223F6CCE7D8F7C7CA1987134C4A224C6548A54B2056C015BB5","C:\Users\radar\Downloads\CDM_ALT_MODEL_ANALYSIS\Genesis_P100_20260208_Final\Manifests\Phase_89_Manifest.json"
"SHA256","C0245F6FFD7720B7BCF27B62F6AA6D98EF0E5D5A674B2ABC08F463F098B1BBAB","C:\Users\radar\Downloads\CDM_ALT_MODEL_ANALYSIS\Genesis_P100_20260208_Final\Manifests\Phase_90_Manifest.json"
"SHA256","75D7BCBB678926DA21E938430A0692FE04094EF8B3C85E5FEBA3AFFC76048EFA","C:\Users\radar\Downloads\CDM_ALT_MODEL_ANALYSIS\Genesis_P100_20260208_Final\Manifests\Phase_91_Manifest.json"
"SHA256","D695B452650D89B61F47231C2ACF12F355E4AD5242693064A4FE681190DCEB94","C:\Users\radar\Downloads\CDM_ALT_MODEL_ANALYSIS\Genesis_P100_20260208_Final\Manifests\Phase_92_Manifest.json"
"SHA256","A182741ED137CE212D15BBEB869F2BA43D13F5AAEDE38756505E500918C83B76","C:\Users\radar\Downloads\CDM_ALT_MODEL_ANALYSIS\Genesis_P100_20260208_Final\Manifests\Phase_93_Manifest.json"
"SHA256","9EF8D64E89A2BF190861A3491D9C600ACA2F97C9F102B075B1529A2DCB06C48F","C:\Users\radar\Downloads\CDM_ALT_MODEL_ANALYSIS\Genesis_P100_20260208_Final\Manifests\Phase_94_Manifest.json"
"SHA256","BE9B829AA4C0A79BAD97DAE5D26781BB9D26330FB0534C0D9F1713190A834B12","C:\Users\radar\Downloads\CDM_ALT_MODEL_ANALYSIS\Genesis_P100_20260208_Final\Manifests\Phase_95_Manifest.json"
"SHA256","7F68947497E9BF99114E855DAE6B78606E6D18FF230CCE22DB2330BDB7CFEA03","C:\Users\radar\Downloads\CDM_ALT_MODEL_ANALYSIS\Genesis_P100_20260208_Final\Manifests\Phase_96_Manifest.json"
"SHA256","5D0EDFAAB1788CD8A8DD3125CD35285E65D4E841DC9D62A62B9A1D2ECC69F1CA","C:\Users\radar\Downloads\CDM_ALT_MODEL_ANALYSIS\Genesis_P100_20260208_Final\Manifests\Phase_97_Manifest.json"
"SHA256","E95B6F509A1CAA385BAB2F30DDB8BC2E189ACFB6C662298D6D3AD48178D45903","C:\Users\radar\Downloads\CDM_ALT_MODEL_ANALYSIS\Genesis_P100_20260208_Final\Manifests\Phase_98_Manifest.json"
"SHA256","9AABA9AB08CF14D0238BEDDBC71B92CCB1CAEF0CAF3815135B9BA629C5048367","C:\Users\radar\Downloads\CDM_ALT_MODEL_ANALYSIS\Genesis_P100_20260208_Final\Manifests\Phase_99_Manifest.json"
